,feature,score,param
0,x_max,0.7916666666666666,"{'C': 0.4169242130046982, 'kernel': 'sigmoid', 'gamma': 447.3287738005599, 'degree': 4, 'coef0': 57.499037012242525, 'random_state': 42}"
1,x_min,0.6666666666666666,"{'C': 23.868284662532563, 'kernel': 'sigmoid', 'gamma': 956.9971457096029, 'degree': 5, 'coef0': 229.58017932554708, 'random_state': 42}"
